name, private, archived, url, diskUsage, hasIssuesEnabled, hasWikiEnabled, Admins
RedOrDead, true, false, https://github.com/PlantandFoodResearch/RedOrDead, 50120, true, true, mdavy86, kiwiroy, zanejg, avowkind, eburgueno, hrpmrl, hraaxm
BACRB, true, false, https://github.com/PlantandFoodResearch/BACRB, 312, true, true, mdavy86, kiwiroy, zanejg, avowkind, eburgueno, hrpmrl, hraaxm
Kea, true, false, https://github.com/PlantandFoodResearch/Kea, 66862, true, true, mdavy86, kiwiroy, zanejg, avowkind, eburgueno, hrpmrl, hraaxm
BioMarker, true, false, https://github.com/PlantandFoodResearch/BioMarker, 8022, true, true, mdavy86, kiwiroy, zanejg, avowkind, wilbuick, eburgueno, hrpmrl, hraaxm
AlliumMap, false, false, https://github.com/PlantandFoodResearch/AlliumMap, 110, true, true, mdavy86, kiwiroy, zanejg, avowkind, eburgueno, hrpmrl, hraaxm
Infrastructure, true, false, https://github.com/PlantandFoodResearch/Infrastructure, 15311, true, true, mdavy86, kiwiroy, zanejg, avowkind, eburgueno, hrpmrl, bpauly, hraaxm
LysimeterPilot, true, false, https://github.com/PlantandFoodResearch/LysimeterPilot, 1688, true, true, cfljam, mdavy86, kiwiroy, zanejg, avowkind, RobZys, HamishBrownPFR, eburgueno, ed2014, hrpmrl, hraaxm
irods, false, false, https://github.com/PlantandFoodResearch/irods, 24576, false, true, mdavy86, kiwiroy, zanejg, avowkind, cflsjt, danwiththeplan, CeciliaDeng, warrenson, AmaliT, eburgueno, rosscrowhurst, hrpmrl, charlesdavid, davidchagne, timothymillar, Deroles, christinawu2008, broganmcgreal, jwan0714, hraaxm
openlava, false, false, https://github.com/PlantandFoodResearch/openlava, 9503, false, true, mdavy86, kiwiroy, zanejg, avowkind, cflsjt, danwiththeplan, CeciliaDeng, warrenson, AmaliT, eburgueno, rosscrowhurst, hrpmrl, charlesdavid, davidchagne, timothymillar, Deroles, christinawu2008, broganmcgreal, jwan0714, hraaxm
analysis-workflows, true, false, https://github.com/PlantandFoodResearch/analysis-workflows, 369437, true, true, mdavy86, kiwiroy, zanejg, avowkind, eburgueno, hrpmrl, hraaxm
LoggerPrograms, false, false, https://github.com/PlantandFoodResearch/LoggerPrograms, 478, true, true, cfljam, mdavy86, kiwiroy, zanejg, avowkind, RobZys, HamishBrownPFR, eburgueno, ed2014, hrpmrl, hraaxm
shiny-server, false, false, https://github.com/PlantandFoodResearch/shiny-server, 12266, false, true, cfljam, mdavy86, kiwiroy, zanejg, avowkind, PeterAlspach, vnniyB, eburgueno, hrpmrl, mwohlers, hymmikong, timothymillar, guypfr, hraaxm
lysimeterconduit, true, false, https://github.com/PlantandFoodResearch/lysimeterconduit, 423, true, true, cfljam, mdavy86, kiwiroy, zanejg, avowkind, RobZys, HamishBrownPFR, eburgueno, ed2014, hrpmrl, hraaxm
jekyll-bootstrap, false, false, https://github.com/PlantandFoodResearch/jekyll-bootstrap, 1846, false, true, mdavy86, kiwiroy, zanejg, avowkind, cflsjt, danwiththeplan, CeciliaDeng, warrenson, AmaliT, eburgueno, rosscrowhurst, hrpmrl, charlesdavid, davidchagne, timothymillar, Deroles, christinawu2008, broganmcgreal, jwan0714, hraaxm
data-science-toolbox, false, false, https://github.com/PlantandFoodResearch/data-science-toolbox, 241, false, true, mdavy86, kiwiroy, zanejg, avowkind, cflsjt, danwiththeplan, CeciliaDeng, warrenson, AmaliT, eburgueno, rosscrowhurst, hrpmrl, charlesdavid, davidchagne, timothymillar, Deroles, christinawu2008, broganmcgreal, jwan0714, hraaxm
gbs_makefile_dev_afm, false, false, https://github.com/PlantandFoodResearch/gbs_makefile_dev_afm, 80716, false, true, mdavy86, kiwiroy, zanejg, avowkind, eburgueno, hrpmrl, hraaxm
WheatGXE, true, false, https://github.com/PlantandFoodResearch/WheatGXE, 142617, true, true, cfljam, mdavy86, kiwiroy, zanejg, avowkind, RobZys, PeterAlspach, HamishBrownPFR, vnniyB, eburgueno, ed2014, hrpmrl, mwohlers, hymmikong, timothymillar, guypfr, hraaxm
Lucerne-and-Pasture, true, false, https://github.com/PlantandFoodResearch/Lucerne-and-Pasture, 125127, true, true, cfljam, mdavy86, kiwiroy, zanejg, avowkind, RobZys, HamishBrownPFR, eburgueno, ed2014, hrpmrl, hraaxm
PFRdataCraft, true, false, https://github.com/PlantandFoodResearch/PFRdataCraft, 53444, true, true, cfljam, mdavy86, kiwiroy, zanejg, avowkind, PeterAlspach, vnniyB, eburgueno, hrpmrl, mwohlers, hymmikong, timothymillar, guypfr, hraaxm
rstudio, false, false, https://github.com/PlantandFoodResearch/rstudio, 48972, false, true, mdavy86, kiwiroy, zanejg, avowkind, cflsjt, danwiththeplan, CeciliaDeng, warrenson, AmaliT, eburgueno, rosscrowhurst, hrpmrl, charlesdavid, davidchagne, timothymillar, Deroles, christinawu2008, broganmcgreal, jwan0714, hraaxm
LoggerData, true, false, https://github.com/PlantandFoodResearch/LoggerData, 992, true, true, cfljam, mdavy86, kiwiroy, zanejg, avowkind, RobZys, HamishBrownPFR, eburgueno, ed2014, hrpmrl, hraaxm
Scriptomics, true, false, https://github.com/PlantandFoodResearch/Scriptomics, 30403, true, true, mdavy86, kiwiroy, zanejg, avowkind, cflsjt, danwiththeplan, CeciliaDeng, warrenson, AmaliT, eburgueno, rosscrowhurst, hrpmrl, charlesdavid, davidchagne, timothymillar, Deroles, christinawu2008, broganmcgreal, jwan0714, hraaxm
Bioview, true, false, https://github.com/PlantandFoodResearch/Bioview, 9211, true, true, mdavy86, kiwiroy, zanejg, avowkind, eburgueno, rosscrowhurst, hrpmrl, hraaxm
FCDB_auto_data, true, true, https://github.com/PlantandFoodResearch/FCDB_auto_data, 196, true, true
NGSUserGroup, true, false, https://github.com/PlantandFoodResearch/NGSUserGroup, 49251, true, true, cfljam, mdavy86, kiwiroy, zanejg, avowkind, PeterAlspach, vnniyB, eburgueno, hrpmrl, mwohlers, hymmikong, timothymillar, guypfr, hraaxm
sandpit, false, false, https://github.com/PlantandFoodResearch/sandpit, 1037, true, true, mdavy86, kiwiroy, zanejg, avowkind, cflsjt, danwiththeplan, CeciliaDeng, warrenson, AmaliT, eburgueno, rosscrowhurst, hrpmrl, charlesdavid, davidchagne, timothymillar, Deroles, christinawu2008, broganmcgreal, jwan0714, hraaxm
RainShelterBarley, true, false, https://github.com/PlantandFoodResearch/RainShelterBarley, 265815, true, true, cfljam, mdavy86, kiwiroy, zanejg, avowkind, RobZys, HamishBrownPFR, eburgueno, ed2014, hrpmrl, hraaxm
dplyr, false, false, https://github.com/PlantandFoodResearch/dplyr, 8188, false, true, mdavy86, kiwiroy, zanejg, avowkind, eburgueno, hrpmrl, hraaxm
Moa, false, false, https://github.com/PlantandFoodResearch/Moa, 12433, false, true, mdavy86, kiwiroy, zanejg, avowkind, cflsjt, danwiththeplan, CeciliaDeng, warrenson, AmaliT, eburgueno, rosscrowhurst, hrpmrl, charlesdavid, davidchagne, timothymillar, Deroles, christinawu2008, broganmcgreal, jwan0714, hraaxm
grape, true, false, https://github.com/PlantandFoodResearch/grape, 12662, true, true, mdavy86, kiwiroy, zanejg, avowkind, eburgueno, hrpmrl, timothymillar, hraaxm
BetterAnalysisFaster, true, false, https://github.com/PlantandFoodResearch/BetterAnalysisFaster, 23738, true, true, mdavy86, kiwiroy, zanejg, avowkind, eburgueno, hrpmrl, hraaxm
Biometrics, true, false, https://github.com/PlantandFoodResearch/Biometrics, 2575590, true, true, mdavy86, kiwiroy, zanejg, avowkind, eburgueno, hrpmrl, PeterJaksons, hraaxm
prose, false, false, https://github.com/PlantandFoodResearch/prose, 27310, false, true, mdavy86, kiwiroy, zanejg, avowkind, eburgueno, hrpmrl, hraaxm
PhenotypicDataCheckingFS1951, true, false, https://github.com/PlantandFoodResearch/PhenotypicDataCheckingFS1951, 444, true, true, mdavy86, kiwiroy, zanejg, avowkind, eburgueno, hrpmrl, hraaxm
CollaborativeDataManagement, true, false, https://github.com/PlantandFoodResearch/CollaborativeDataManagement, 169723, true, true, mdavy86, kiwiroy, zanejg, avowkind, eburgueno, hrpmrl, hraaxm
ChemDB, true, false, https://github.com/PlantandFoodResearch/ChemDB, 5730, true, true, mdavy86, kiwiroy, zanejg, avowkind, eburgueno, hrpmrl, hraaxm
Kaka, true, true, https://github.com/PlantandFoodResearch/Kaka, 104, true, true
NetWorkPower, true, true, https://github.com/PlantandFoodResearch/NetWorkPower, 736, true, true
cleanTheKiwi, true, true, https://github.com/PlantandFoodResearch/cleanTheKiwi, 102, true, true
StonySoilLysimeters, false, false, https://github.com/PlantandFoodResearch/StonySoilLysimeters, 79701, true, true, cfljam, mdavy86, kiwiroy, zanejg, avowkind, RobZys, HamishBrownPFR, eburgueno, ed2014, hrpmrl, hraaxm
PFRBreedR, true, false, https://github.com/PlantandFoodResearch/PFRBreedR, 45819, true, true, mdavy86, kiwiroy, zanejg, avowkind, eburgueno, hrpmrl, PeterJaksons, hraaxm
PAAUtils, true, true, https://github.com/PlantandFoodResearch/PAAUtils, 86, true, true
dotfiles, true, false, https://github.com/PlantandFoodResearch/dotfiles, 240, true, true, mdavy86, kiwiroy, zanejg, avowkind, eburgueno, hrpmrl, hraaxm
bioinf_input, true, false, https://github.com/PlantandFoodResearch/bioinf_input, 11788, true, true, mdavy86, kiwiroy, zanejg, avowkind, eburgueno, hrpmrl, Deroles, hraaxm
bioinf_output, true, false, https://github.com/PlantandFoodResearch/bioinf_output, 1418, true, true, mdavy86, kiwiroy, zanejg, avowkind, eburgueno, hrpmrl, hraaxm
FCDB_DB_migration, true, true, https://github.com/PlantandFoodResearch/FCDB_DB_migration, 136, true, true
EnsemblExtensions, true, false, https://github.com/PlantandFoodResearch/EnsemblExtensions, 13482, true, true, mdavy86, kiwiroy, zanejg, avowkind, eburgueno, hrpmrl, hraaxm
ApsimX, false, false, https://github.com/PlantandFoodResearch/ApsimX, 839446, false, true, cfljam, mdavy86, kiwiroy, zanejg, avowkind, RobZys, HamishBrownPFR, eburgueno, ed2014, hrpmrl, hraaxm
MGM-file-generation, true, false, https://github.com/PlantandFoodResearch/MGM-file-generation, 97736, true, true, cfljam, mdavy86, kiwiroy, zanejg, avowkind, RobZys, HamishBrownPFR, eburgueno, ed2014, hrpmrl, hraaxm
Utility-Functions, true, false, https://github.com/PlantandFoodResearch/Utility-Functions, 27, true, true, cfljam, mdavy86, kiwiroy, zanejg, avowkind, RobZys, HamishBrownPFR, eburgueno, ed2014, hrpmrl, hraaxm
BestPractices, true, false, https://github.com/PlantandFoodResearch/BestPractices, 9099, true, true, mdavy86, kiwiroy, zanejg, avowkind, cflsjt, eburgueno, hrpmrl, charlesdavid, hraaxm
wise2, false, false, https://github.com/PlantandFoodResearch/wise2, 3436, true, true, mdavy86, kiwiroy, zanejg, avowkind, eburgueno, hrpmrl, hraaxm
StatGenPyDocker, true, true, https://github.com/PlantandFoodResearch/StatGenPyDocker, 172, true, true
django-import-export, false, false, https://github.com/PlantandFoodResearch/django-import-export, 1424, true, true, mdavy86, kiwiroy, zanejg, avowkind, wilbuick, eburgueno, hrpmrl, mwohlers, hymmikong, timothymillar, cflbxd, hraaxm
FCDB_calculation_engines, true, true, https://github.com/PlantandFoodResearch/FCDB_calculation_engines, 264, true, true
FreshFacts, true, false, https://github.com/PlantandFoodResearch/FreshFacts, 27629, true, true, mdavy86, kiwiroy, zanejg, avowkind, eburgueno, hrpmrl, hraaxm
FarmDataPortal, true, false, https://github.com/PlantandFoodResearch/FarmDataPortal, 20205, false, true, mdavy86, kiwiroy, zanejg, avowkind, eburgueno, hrpmrl, hraaxm
webapollo-docker, false, false, https://github.com/PlantandFoodResearch/webapollo-docker, 296, false, true, mdavy86, kiwiroy, zanejg, avowkind, eburgueno, hrpmrl, hraaxm
efp-browser, true, false, https://github.com/PlantandFoodResearch/efp-browser, 11833, true, true, mdavy86, kiwiroy, zanejg, avowkind, eburgueno, hrpmrl, hraaxm
NCNZInterchange, false, false, https://github.com/PlantandFoodResearch/NCNZInterchange, 1460, true, true, mdavy86, kiwiroy, zanejg, avowkind, eburgueno, hrpmrl, hraaxm
FCDB_calculation_graphing, true, true, https://github.com/PlantandFoodResearch/FCDB_calculation_graphing, 412, true, true
CAM, true, false, https://github.com/PlantandFoodResearch/CAM, 19988, true, true, mdavy86, kiwiroy, zanejg, avowkind, eburgueno, hrpmrl, hraaxm
FragmentAnalysis, true, false, https://github.com/PlantandFoodResearch/FragmentAnalysis, 525, true, true, mdavy86, kiwiroy, zanejg, avowkind, eburgueno, hrpmrl, hraaxm
kakapo, true, false, https://github.com/PlantandFoodResearch/kakapo, 20762, false, false, mdavy86, kiwiroy, zanejg, avowkind, vnniyB, eburgueno, hrpmrl, jsabad, hraaxm
datasharing, false, false, https://github.com/PlantandFoodResearch/datasharing, 72, false, true, mdavy86, kiwiroy, zanejg, avowkind, eburgueno, hrpmrl, hraaxm
genometools, false, false, https://github.com/PlantandFoodResearch/genometools, 45646, false, true, mdavy86, kiwiroy, zanejg, avowkind, eburgueno, hrpmrl, hraaxm
Overseer-testing, true, false, https://github.com/PlantandFoodResearch/Overseer-testing, 227933, true, true, mdavy86, kiwiroy, zanejg, avowkind, HamishBrownPFR, eburgueno, hrpmrl, hraaxm
FruitGraderTePuke, true, false, https://github.com/PlantandFoodResearch/FruitGraderTePuke, 45114, false, false, mdavy86, kiwiroy, zanejg, avowkind, vnniyB, eburgueno, hrpmrl, hymmikong, cflbxd, jsabad, HRTBCP, hraaxm
Kiwifruit-Imaging, true, false, https://github.com/PlantandFoodResearch/Kiwifruit-Imaging, 829, true, true, mdavy86, kiwiroy, zanejg, avowkind, eburgueno, hrpmrl, hraaxm
deploy-tools, true, false, https://github.com/PlantandFoodResearch/deploy-tools, 54, true, true, mdavy86, kiwiroy, zanejg, avowkind, eburgueno, hrpmrl, hraaxm
Biometrics_network, true, false, https://github.com/PlantandFoodResearch/Biometrics_network, 445, true, true, mdavy86, kiwiroy, zanejg, avowkind, eburgueno, hrpmrl, mwohlers, hraaxm
RainShelterWheat, true, false, https://github.com/PlantandFoodResearch/RainShelterWheat, 8186, true, true, mdavy86, kiwiroy, zanejg, avowkind, eburgueno, hrpmrl, hraaxm
Nelson_ui_library, true, false, https://github.com/PlantandFoodResearch/Nelson_ui_library, 135516, true, true, mdavy86, kiwiroy, zanejg, avowkind, eburgueno, hrpmrl, ashtondavi, CFNPMW, hraaxm
CAMCake, true, false, https://github.com/PlantandFoodResearch/CAMCake, 47422, true, true, mdavy86, kiwiroy, zanejg, avowkind, eburgueno, hrpmrl, hraaxm
IrrigationAnimation, false, false, https://github.com/PlantandFoodResearch/IrrigationAnimation, 1461, true, true, mdavy86, kiwiroy, zanejg, avowkind, eburgueno, hrpmrl, hraaxm
aspire-asparagus, true, false, https://github.com/PlantandFoodResearch/aspire-asparagus, 33507, true, true, mdavy86, kiwiroy, zanejg, avowkind, eburgueno, hrpmrl, hraaxm
asparagus-app, true, false, https://github.com/PlantandFoodResearch/asparagus-app, 95, true, true, mdavy86, kiwiroy, zanejg, avowkind, eburgueno, hrpmrl, hraaxm
pcr_marker_design, false, false, https://github.com/PlantandFoodResearch/pcr_marker_design, 15640, true, true, cfljam, mdavy86, kiwiroy, zanejg, avowkind, eburgueno, hrpmrl, timothymillar, hraaxm
PHYLO, false, false, https://github.com/PlantandFoodResearch/PHYLO, 81000, false, true, mdavy86, kiwiroy, zanejg, avowkind, eburgueno, hrpmrl, hraaxm
aspire-lite, false, false, https://github.com/PlantandFoodResearch/aspire-lite, 874, true, false, mdavy86, kiwiroy, zanejg, avowkind, eburgueno, hrpmrl, hraaxm
genome-server, true, true, https://github.com/PlantandFoodResearch/genome-server, 225, true, true
KeaProcessDevelopment, true, false, https://github.com/PlantandFoodResearch/KeaProcessDevelopment, 31, true, true, mdavy86, kiwiroy, zanejg, avowkind, eburgueno, hrpmrl, hraaxm
PyKaka, false, false, https://github.com/PlantandFoodResearch/PyKaka, 57, true, true, mdavy86, kiwiroy, zanejg, avowkind, eburgueno, hrpmrl, hraaxm
rkaka, false, false, https://github.com/PlantandFoodResearch/rkaka, 32, true, true, mdavy86, kiwiroy, zanejg, avowkind, eburgueno, hrpmrl, hraaxm
MicrobialSystems, true, false, https://github.com/PlantandFoodResearch/MicrobialSystems, 218, true, true, mdavy86, kiwiroy, zanejg, avowkind, eburgueno, hrpmrl, hraaxm
diigo_yammer, true, false, https://github.com/PlantandFoodResearch/diigo_yammer, 2743, true, true, mdavy86, kiwiroy, zanejg, avowkind, eburgueno, hrpmrl, hraaxm
PeaGS, true, false, https://github.com/PlantandFoodResearch/PeaGS, 1921, true, true, mdavy86, kiwiroy, zanejg, avowkind, eburgueno, hrpmrl, hraaxm
aits, true, false, https://github.com/PlantandFoodResearch/aits, 204, true, true, mdavy86, kiwiroy, zanejg, avowkind, eburgueno, hrpmrl, HRRMXJ, hraaxm
JKaka, false, false, https://github.com/PlantandFoodResearch/JKaka, 1, true, true, mdavy86, kiwiroy, zanejg, avowkind, eburgueno, hrpmrl, hraaxm
iplantAcquiR, true, false, https://github.com/PlantandFoodResearch/iplantAcquiR, 39, true, true, mdavy86, kiwiroy, zanejg, avowkind, eburgueno, hrpmrl, hraaxm
pfrticles, true, false, https://github.com/PlantandFoodResearch/pfrticles, 21728, true, true, mdavy86, kiwiroy, zanejg, avowkind, eburgueno, hrpmrl, hraaxm
edamontology, false, false, https://github.com/PlantandFoodResearch/edamontology, 3313, false, true, mdavy86, kiwiroy, zanejg, avowkind, eburgueno, hrpmrl, hraaxm
BrassicaGenomics, true, false, https://github.com/PlantandFoodResearch/BrassicaGenomics, 3814, true, true, cfljam, mdavy86, kiwiroy, zanejg, avowkind, cflsjt, eburgueno, hrpmrl, charlesdavid, hraaxm
PFRAutomatedWorkflows, false, false, https://github.com/PlantandFoodResearch/PFRAutomatedWorkflows, 11356, true, true, mdavy86, kiwiroy, zanejg, avowkind, cflsjt, danwiththeplan, eburgueno, hrpmrl, hraaxm
field-data-capture, true, false, https://github.com/PlantandFoodResearch/field-data-capture, 170572, false, false, mdavy86, kiwiroy, zanejg, avowkind, eburgueno, hrpmrl, hraaxm
Actinidia_snpeff, true, false, https://github.com/PlantandFoodResearch/Actinidia_snpeff, 636, true, true, mdavy86, kiwiroy, zanejg, avowkind, eburgueno, hrpmrl, hraaxm
Shellfish, true, false, https://github.com/PlantandFoodResearch/Shellfish, 370, true, true, mdavy86, kiwiroy, zanejg, avowkind, eburgueno, hrpmrl, ashtondavi, hraaxm
KayaPorterAnalysis, false, false, https://github.com/PlantandFoodResearch/KayaPorterAnalysis, 394, true, true, mdavy86, kiwiroy, zanejg, avowkind, eburgueno, hrpmrl, hraaxm
SensoryDOE, true, false, https://github.com/PlantandFoodResearch/SensoryDOE, 16, true, true, mdavy86, kiwiroy, zanejg, avowkind, eburgueno, hrpmrl, mwohlers, hraaxm
perlbrew-ext, true, false, https://github.com/PlantandFoodResearch/perlbrew-ext, 74, false, true, mdavy86, kiwiroy, zanejg, avowkind, eburgueno, hrpmrl, hraaxm
APSIMArbitrator, true, false, https://github.com/PlantandFoodResearch/APSIMArbitrator, 9108, true, true, mdavy86, kiwiroy, zanejg, avowkind, eburgueno, hrpmrl, hraaxm
Scion, true, true, https://github.com/PlantandFoodResearch/Scion, 693, true, true
MultiPoreWater, false, false, https://github.com/PlantandFoodResearch/MultiPoreWater, 10389, true, true, mdavy86, kiwiroy, zanejg, avowkind, eburgueno, hrpmrl, hraaxm
VariantAnalysis, false, false, https://github.com/PlantandFoodResearch/VariantAnalysis, 195, true, true, mdavy86, kiwiroy, zanejg, avowkind, eburgueno, hrpmrl, hraaxm
TEFingerprint, false, false, https://github.com/PlantandFoodResearch/TEFingerprint, 2842, true, true, mdavy86, kiwiroy, zanejg, avowkind, eburgueno, hrpmrl, timothymillar, hraaxm
macOS, true, false, https://github.com/PlantandFoodResearch/macOS, 432, true, true, mdavy86, kiwiroy, zanejg, avowkind, eburgueno, hrpmrl, hraaxm
vg, false, false, https://github.com/PlantandFoodResearch/vg, 16545, false, true, mdavy86, kiwiroy, zanejg, avowkind, eburgueno, hrpmrl, hraaxm
GitHub-Governance, true, true, https://github.com/PlantandFoodResearch/GitHub-Governance, 0, true, true
government.github.com, false, false, https://github.com/PlantandFoodResearch/government.github.com, 20802, false, false, mdavy86, kiwiroy, zanejg, avowkind, eburgueno, hrpmrl, hraaxm
blue_skies_trans_rna, true, false, https://github.com/PlantandFoodResearch/blue_skies_trans_rna, 156, true, true, mdavy86, kiwiroy, zanejg, avowkind, eburgueno, hrpmrl, hraaxm
modules, false, false, https://github.com/PlantandFoodResearch/modules, 3899, false, true, mdavy86, kiwiroy, zanejg, avowkind, eburgueno, hrpmrl, hraaxm
potato, true, false, https://github.com/PlantandFoodResearch/potato, 81, true, true, mdavy86, kiwiroy, zanejg, avowkind, PeterAlspach, eburgueno, hrpmrl, hraaxm
KiwifruitDataWarehouse, true, true, https://github.com/PlantandFoodResearch/KiwifruitDataWarehouse, 0, true, true
clever_culling, true, false, https://github.com/PlantandFoodResearch/clever_culling, 1340104, true, true, mdavy86, kiwiroy, zanejg, avowkind, eburgueno, hrpmrl, hraaxm
RainShelterFodderBeet, false, false, https://github.com/PlantandFoodResearch/RainShelterFodderBeet, 2133, true, true, mdavy86, kiwiroy, zanejg, avowkind, eburgueno, hrpmrl, hraaxm
Actinidia_chinensis_Genome_Red5, true, false, https://github.com/PlantandFoodResearch/Actinidia_chinensis_Genome_Red5, 362698, true, true, mdavy86, kiwiroy, zanejg, avowkind, eburgueno, hrpmrl, hraaxm
VineFacts, true, false, https://github.com/PlantandFoodResearch/VineFacts, 33293, true, true, mdavy86, kiwiroy, zanejg, avowkind, eburgueno, hrpmrl, hraaxm
Targeting_speciality_lncRNA, true, false, https://github.com/PlantandFoodResearch/Targeting_speciality_lncRNA, 571, true, true, mdavy86, kiwiroy, zanejg, avowkind, cflsjt, eburgueno, hrpmrl, hraaxm
GWAppleS, true, false, https://github.com/PlantandFoodResearch/GWAppleS, 7319, true, true, mdavy86, kiwiroy, zanejg, avowkind, eburgueno, hrpmrl, hraaxm
tec5tools, true, true, https://github.com/PlantandFoodResearch/tec5tools, 887, true, true
NirFRuitDatabaseExporter, true, false, https://github.com/PlantandFoodResearch/NirFRuitDatabaseExporter, 471, true, true, mdavy86, kiwiroy, zanejg, avowkind, eburgueno, hrpmrl, hraaxm
FishBreeding, true, false, https://github.com/PlantandFoodResearch/FishBreeding, 938295, true, true, mdavy86, kiwiroy, zanejg, avowkind, eburgueno, hrpmrl, hraaxm
fieldcrops, true, false, https://github.com/PlantandFoodResearch/fieldcrops, 245377, true, true, mdavy86, kiwiroy, zanejg, avowkind, eburgueno, hrpmrl, PeterJaksons, rcichota, BrucePFR, linleyj, cfwaxh, frank0434, hraaxm
mobileFieldPrinter, true, false, https://github.com/PlantandFoodResearch/mobileFieldPrinter, 55285, false, false, mdavy86, kiwiroy, zanejg, avowkind, eburgueno, hrpmrl, hraaxm
rootstock-processing, true, false, https://github.com/PlantandFoodResearch/rootstock-processing, 49, true, true, mdavy86, kiwiroy, zanejg, avowkind, eburgueno, hrpmrl, hraaxm
GradingDataExporter, true, false, https://github.com/PlantandFoodResearch/GradingDataExporter, 656, true, true, mdavy86, kiwiroy, zanejg, avowkind, eburgueno, hrpmrl, hraaxm
DeliveringPerfectFruitDatabaseTools, true, false, https://github.com/PlantandFoodResearch/DeliveringPerfectFruitDatabaseTools, 91672, true, true, mdavy86, kiwiroy, zanejg, avowkind, eburgueno, hrpmrl, hraaxm
bioinf_ncbi_downloads, true, false, https://github.com/PlantandFoodResearch/bioinf_ncbi_downloads, 48, true, true, mdavy86, kiwiroy, zanejg, avowkind, eburgueno, hrpmrl, hraaxm
Actinidia_chinensis_Male_Pan_Genome, true, false, https://github.com/PlantandFoodResearch/Actinidia_chinensis_Male_Pan_Genome, 52, true, true, mdavy86, kiwiroy, zanejg, avowkind, eburgueno, hrpmrl, hraaxm
bioinf_redFlesh_developmentalSeries, true, false, https://github.com/PlantandFoodResearch/bioinf_redFlesh_developmentalSeries, 633, true, true, mdavy86, kiwiroy, zanejg, avowkind, eburgueno, hrpmrl, Deroles, hraaxm
bioinf_LBAM_genome, true, false, https://github.com/PlantandFoodResearch/bioinf_LBAM_genome, 7802, true, true, mdavy86, kiwiroy, zanejg, avowkind, AmaliT, eburgueno, hrpmrl, hraaxm
bioinf_blackcurrant, true, false, https://github.com/PlantandFoodResearch/bioinf_blackcurrant, 10113, true, true, cfljam, mdavy86, kiwiroy, zanejg, avowkind, cflsjt, eburgueno, hrpmrl, hraaxm
bioinf_TPP_Potato_transcriptome, true, false, https://github.com/PlantandFoodResearch/bioinf_TPP_Potato_transcriptome, 23651, true, true, mdavy86, kiwiroy, zanejg, avowkind, cflsjt, eburgueno, hrpmrl, hraaxm
Actinidia_arguta_K2D4_RNAseq_analysis, true, false, https://github.com/PlantandFoodResearch/Actinidia_arguta_K2D4_RNAseq_analysis, 14, true, true, mdavy86, kiwiroy, zanejg, avowkind, eburgueno, hrpmrl, hraaxm
bioinf_Dietary-Plant-miRNAs-and-the-Human-Interactome, true, false, https://github.com/PlantandFoodResearch/bioinf_Dietary-Plant-miRNAs-and-the-Human-Interactome, 3074, true, true, mdavy86, kiwiroy, zanejg, avowkind, warrenson, eburgueno, hrpmrl, hraaxm
bioinf_Plant-miRNAs-and-the-Human-Interactome_AWS_trial, true, false, https://github.com/PlantandFoodResearch/bioinf_Plant-miRNAs-and-the-Human-Interactome_AWS_trial, 23829, true, true, mdavy86, kiwiroy, zanejg, avowkind, warrenson, eburgueno, hrpmrl, hraaxm
Actinidia_chinensis_Genome_Russell, true, false, https://github.com/PlantandFoodResearch/Actinidia_chinensis_Genome_Russell, 13962, true, true, mdavy86, kiwiroy, zanejg, avowkind, eburgueno, rosscrowhurst, hrpmrl, hraaxm
AAiD, true, false, https://github.com/PlantandFoodResearch/AAiD, 12853, true, true, mdavy86, kiwiroy, zanejg, avowkind, eburgueno, hrpmrl, charlesdavid, hraaxm
bioinf_Siberia_VC, true, false, https://github.com/PlantandFoodResearch/bioinf_Siberia_VC, 91167, true, true, mdavy86, kiwiroy, zanejg, avowkind, eburgueno, hrpmrl, hraaxm
polyploid-basics, true, false, https://github.com/PlantandFoodResearch/polyploid-basics, 317, true, true, mdavy86, kiwiroy, zanejg, avowkind, eburgueno, hrpmrl, hraaxm
AmaizeN, true, false, https://github.com/PlantandFoodResearch/AmaizeN, 9085, true, true, mdavy86, kiwiroy, zanejg, avowkind, RobZys, eburgueno, hrpmrl, hraaxm
DataScienceWorkshop, true, false, https://github.com/PlantandFoodResearch/DataScienceWorkshop, 48416, true, true, mdavy86, kiwiroy, zanejg, avowkind, eburgueno, hrpmrl, hraaxm
rx7Capture, true, false, https://github.com/PlantandFoodResearch/rx7Capture, 663, true, true, mdavy86, kiwiroy, zanejg, avowkind, eburgueno, hrpmrl, hraaxm
Neonectria-ditissima-Transcriptome, true, false, https://github.com/PlantandFoodResearch/Neonectria-ditissima-Transcriptome, 2, true, true, mdavy86, kiwiroy, zanejg, avowkind, eburgueno, hrpmrl, hraaxm
LudlumLogger, true, false, https://github.com/PlantandFoodResearch/LudlumLogger, 200, true, true, mdavy86, kiwiroy, zanejg, avowkind, eburgueno, hrpmrl, hraaxm
Malus-CAGRF12641-ReSeq, true, false, https://github.com/PlantandFoodResearch/Malus-CAGRF12641-ReSeq, 295, true, true, mdavy86, kiwiroy, zanejg, avowkind, eburgueno, hrpmrl, hraaxm
Malus-Russian-apple, true, false, https://github.com/PlantandFoodResearch/Malus-Russian-apple, 35, true, true, mdavy86, kiwiroy, zanejg, avowkind, eburgueno, hrpmrl, hraaxm
FCDB_FoodCASE_compare, true, false, https://github.com/PlantandFoodResearch/FCDB_FoodCASE_compare, 18, true, true, mdavy86, kiwiroy, zanejg, avowkind, eburgueno, hrpmrl, hraaxm
bioinf_Actinidia_rtGBS, true, false, https://github.com/PlantandFoodResearch/bioinf_Actinidia_rtGBS, 19866, true, true, mdavy86, kiwiroy, zanejg, avowkind, eburgueno, hrpmrl, hraaxm
bioinf_Malus_sieversii, true, false, https://github.com/PlantandFoodResearch/bioinf_Malus_sieversii, 35, true, true, mdavy86, kiwiroy, zanejg, avowkind, eburgueno, hrpmrl, hraaxm
bioinf_Malus_RoyalGala, true, false, https://github.com/PlantandFoodResearch/bioinf_Malus_RoyalGala, 3133, true, true, mdavy86, kiwiroy, zanejg, avowkind, AmaliT, eburgueno, hrpmrl, hraaxm
bioinf_manuka_genome, true, false, https://github.com/PlantandFoodResearch/bioinf_manuka_genome, 191567, true, true, mdavy86, kiwiroy, zanejg, avowkind, AmaliT, eburgueno, hrpmrl, hraaxm
kea_notebooks, true, false, https://github.com/PlantandFoodResearch/kea_notebooks, 97, true, true, mdavy86, kiwiroy, zanejg, avowkind, eburgueno, hrpmrl, hraaxm
bioinf_TetraPloid_kiwifruit_CAGRF13148, true, false, https://github.com/PlantandFoodResearch/bioinf_TetraPloid_kiwifruit_CAGRF13148, 2246, true, true, mdavy86, kiwiroy, zanejg, avowkind, eburgueno, hrpmrl, hraaxm
haplo-assembly, true, false, https://github.com/PlantandFoodResearch/haplo-assembly, 4992, true, true, mdavy86, kiwiroy, zanejg, avowkind, eburgueno, hrpmrl, hraaxm
20-by-2020, false, false, https://github.com/PlantandFoodResearch/20-by-2020, 9861, true, true, mdavy86, kiwiroy, zanejg, avowkind, eburgueno, hrpmrl, hraaxm
bioinf_Potato_RNAseq_Exp10545, true, false, https://github.com/PlantandFoodResearch/bioinf_Potato_RNAseq_Exp10545, 1, true, true, mdavy86, kiwiroy, zanejg, avowkind, cflsjt, eburgueno, hrpmrl, hraaxm
bioinf_Pisum_sativum_transcriptome, true, false, https://github.com/PlantandFoodResearch/bioinf_Pisum_sativum_transcriptome, 0, true, true, mdavy86, kiwiroy, zanejg, avowkind, eburgueno, hrpmrl, hraaxm
bioinf_blueberry_MYB, true, false, https://github.com/PlantandFoodResearch/bioinf_blueberry_MYB, 1132, true, true, mdavy86, kiwiroy, zanejg, avowkind, warrenson, eburgueno, hrpmrl, hraaxm
RNASeq_community, true, false, https://github.com/PlantandFoodResearch/RNASeq_community, 73683, true, true, mdavy86, kiwiroy, zanejg, avowkind, eburgueno, hrpmrl, hraaxm
bioinf_kiwifruit_genomes_of_SRP073634, true, false, https://github.com/PlantandFoodResearch/bioinf_kiwifruit_genomes_of_SRP073634, 343, true, true, mdavy86, kiwiroy, zanejg, avowkind, eburgueno, hrpmrl, hraaxm
bioinf_Malus_Prevar_CAGRF11874, true, false, https://github.com/PlantandFoodResearch/bioinf_Malus_Prevar_CAGRF11874, 79987, true, true, mdavy86, kiwiroy, zanejg, avowkind, eburgueno, hrpmrl, hraaxm
bioinf_Apple_WGS2_GBS_2017, true, false, https://github.com/PlantandFoodResearch/bioinf_Apple_WGS2_GBS_2017, 10, true, true, mdavy86, kiwiroy, zanejg, avowkind, eburgueno, hrpmrl, hraaxm
bioinf_Malus_ReSeq, true, false, https://github.com/PlantandFoodResearch/bioinf_Malus_ReSeq, 215, true, true, mdavy86, kiwiroy, zanejg, avowkind, cflsjt, danwiththeplan, CeciliaDeng, warrenson, AmaliT, eburgueno, rosscrowhurst, hrpmrl, charlesdavid, davidchagne, timothymillar, Deroles, christinawu2008, broganmcgreal, jwan0714, hraaxm
bioinf_Actinidia_chinensis_Carotenogenesis, true, false, https://github.com/PlantandFoodResearch/bioinf_Actinidia_chinensis_Carotenogenesis, 374, true, true, mdavy86, kiwiroy, zanejg, avowkind, warrenson, eburgueno, hrpmrl, hraaxm
TaDFu, true, false, https://github.com/PlantandFoodResearch/TaDFu, 423774, true, true, mdavy86, kiwiroy, zanejg, avowkind, ntomer, eburgueno, hrpmrl, hraaxm
bioinf_Russell_HiC, true, false, https://github.com/PlantandFoodResearch/bioinf_Russell_HiC, 13, true, true, mdavy86, kiwiroy, zanejg, avowkind, eburgueno, hrpmrl, hraaxm
SDHap, true, false, https://github.com/PlantandFoodResearch/SDHap, 32, true, true, mdavy86, kiwiroy, zanejg, avowkind, eburgueno, hrpmrl, hraaxm
bioinf_Raspberry, true, false, https://github.com/PlantandFoodResearch/bioinf_Raspberry, 250, true, true, mdavy86, kiwiroy, zanejg, avowkind, eburgueno, hrpmrl, davidchagne, hraaxm
FCDB_webaccess, true, false, https://github.com/PlantandFoodResearch/FCDB_webaccess, 4599, true, true, mdavy86, kiwiroy, zanejg, avowkind, eburgueno, hrpmrl, hraaxm
bioinf_Potato, true, false, https://github.com/PlantandFoodResearch/bioinf_Potato, 32258, true, true, mdavy86, kiwiroy, zanejg, avowkind, cflsjt, eburgueno, hrpmrl, hraaxm
FCDB_webaccess_juryrig, true, false, https://github.com/PlantandFoodResearch/FCDB_webaccess_juryrig, 1957, true, true, mdavy86, kiwiroy, zanejg, avowkind, eburgueno, hrpmrl, hraaxm
bioinf_Actinidia_metabarcoding, true, false, https://github.com/PlantandFoodResearch/bioinf_Actinidia_metabarcoding, 27, true, true, mdavy86, kiwiroy, zanejg, avowkind, eburgueno, hrpmrl, hraaxm
bioinf_marsdenWhatWasTheFirstSmell, true, false, https://github.com/PlantandFoodResearch/bioinf_marsdenWhatWasTheFirstSmell, 116, true, true, mdavy86, kiwiroy, zanejg, avowkind, AmaliT, eburgueno, hrpmrl, hraaxm
bioinf_Venturia_comparative_genomics, true, false, https://github.com/PlantandFoodResearch/bioinf_Venturia_comparative_genomics, 10073, true, true, mdavy86, kiwiroy, zanejg, avowkind, eburgueno, hrpmrl, hraaxm
FodderBeatOats, false, false, https://github.com/PlantandFoodResearch/FodderBeatOats, 4142, true, true, mdavy86, kiwiroy, zanejg, avowkind, eburgueno, hrpmrl, hraaxm
MultiCropRotation_APSIM_X, true, false, https://github.com/PlantandFoodResearch/MultiCropRotation_APSIM_X, 11233, true, true, mdavy86, kiwiroy, zanejg, avowkind, RobZys, HamishBrownPFR, eburgueno, ed2014, hrpmrl, rcichota, Meiyalaghan, hraaxm
ShinyClimateChange, true, false, https://github.com/PlantandFoodResearch/ShinyClimateChange, 100137, true, true, mdavy86, kiwiroy, zanejg, avowkind, eburgueno, ed2014, hrpmrl, hymmikong, linleyj, hraaxm
bioinf_Vitis_CAGRF12872, true, false, https://github.com/PlantandFoodResearch/bioinf_Vitis_CAGRF12872, 205, true, true, mdavy86, kiwiroy, zanejg, avowkind, eburgueno, hrpmrl, hraaxm
bioinf_Malus_scab_resistance, true, false, https://github.com/PlantandFoodResearch/bioinf_Malus_scab_resistance, 404, true, true, mdavy86, kiwiroy, zanejg, avowkind, eburgueno, hrpmrl, hraaxm
bioinf_Zhengzhou_Peach, true, false, https://github.com/PlantandFoodResearch/bioinf_Zhengzhou_Peach, 219, true, true, mdavy86, kiwiroy, zanejg, avowkind, eburgueno, hrpmrl, hraaxm
APSIMTools, false, false, https://github.com/PlantandFoodResearch/APSIMTools, 3112, true, true, mdavy86, kiwiroy, zanejg, avowkind, eburgueno, hrpmrl, hraaxm
bioinf_GBS_Actinidia, true, false, https://github.com/PlantandFoodResearch/bioinf_GBS_Actinidia, 1335, true, true, mdavy86, kiwiroy, zanejg, avowkind, eburgueno, hrpmrl, hraaxm
DS_Resolution, true, false, https://github.com/PlantandFoodResearch/DS_Resolution, 755045, true, true, mdavy86, kiwiroy, zanejg, avowkind, eburgueno, hrpmrl, PeterJaksons, hraaxm
bioinf_Ceratocystis_comparative_genomics, true, false, https://github.com/PlantandFoodResearch/bioinf_Ceratocystis_comparative_genomics, 164, true, true, mdavy86, kiwiroy, zanejg, avowkind, danwiththeplan, eburgueno, hrpmrl, hraaxm
APSIM.Shared, false, false, https://github.com/PlantandFoodResearch/APSIM.Shared, 704, false, true, cfljam, mdavy86, kiwiroy, zanejg, avowkind, hol353, RobZys, HamishBrownPFR, eburgueno, ed2014, hrpmrl, hut104, josharp22, ekhaembah, rcichota, junqi108, Meiyalaghan, frank0434, hraaxm
bioinf_Malus_Phylogeny, true, false, https://github.com/PlantandFoodResearch/bioinf_Malus_Phylogeny, 884, true, true, mdavy86, kiwiroy, zanejg, avowkind, eburgueno, hrpmrl, hraaxm
FruitSizing, true, false, https://github.com/PlantandFoodResearch/FruitSizing, 147, true, true, mdavy86, kiwiroy, zanejg, avowkind, ntomer, eburgueno, hrpmrl, hraaxm
Fruit3dHelpers, true, false, https://github.com/PlantandFoodResearch/Fruit3dHelpers, 7222, true, true, mdavy86, kiwiroy, zanejg, avowkind, ntomer, eburgueno, hrpmrl, hraaxm
RainShelterOats, false, false, https://github.com/PlantandFoodResearch/RainShelterOats, 670, true, true, mdavy86, kiwiroy, zanejg, avowkind, eburgueno, hrpmrl, hraaxm
bioinf_Red9_RNAseq, true, false, https://github.com/PlantandFoodResearch/bioinf_Red9_RNAseq, 39, true, true, mdavy86, kiwiroy, zanejg, avowkind, eburgueno, hrpmrl, hraaxm
docker-netbox, false, false, https://github.com/PlantandFoodResearch/docker-netbox, 70, false, true, mdavy86, kiwiroy, zanejg, avowkind, eburgueno, hrpmrl, hraaxm
bioinf_ActinidiaPSA, true, false, https://github.com/PlantandFoodResearch/bioinf_ActinidiaPSA, 183, true, true, mdavy86, kiwiroy, zanejg, avowkind, AmaliT, eburgueno, hrpmrl, hraaxm
bioinf_Malus_skinColor, true, false, https://github.com/PlantandFoodResearch/bioinf_Malus_skinColor, 1839, true, true, mdavy86, kiwiroy, zanejg, avowkind, eburgueno, hrpmrl, hraaxm
bioinf_manukaRNASeq, true, false, https://github.com/PlantandFoodResearch/bioinf_manukaRNASeq, 1149, true, true, mdavy86, kiwiroy, zanejg, avowkind, eburgueno, hrpmrl, hraaxm
MachineLearningforGenomics, true, false, https://github.com/PlantandFoodResearch/MachineLearningforGenomics, 228916, true, true, mdavy86, kiwiroy, zanejg, avowkind, warrenson, eburgueno, hrpmrl, charlesdavid, hraaxm
bioinf_Malus_FruitQuality, true, false, https://github.com/PlantandFoodResearch/bioinf_Malus_FruitQuality, 1118, true, true, mdavy86, kiwiroy, zanejg, avowkind, eburgueno, hrpmrl, hraaxm
bioinf_Actinidia_phasing_workflows_evaluation, true, false, https://github.com/PlantandFoodResearch/bioinf_Actinidia_phasing_workflows_evaluation, 11, true, true, mdavy86, kiwiroy, zanejg, avowkind, eburgueno, hrpmrl, hraaxm
bioinf_CNV_investigation, true, false, https://github.com/PlantandFoodResearch/bioinf_CNV_investigation, 5, true, true, mdavy86, kiwiroy, zanejg, avowkind, eburgueno, hrpmrl, hraaxm
long-read-seq, true, false, https://github.com/PlantandFoodResearch/long-read-seq, 5910, true, true, mdavy86, kiwiroy, zanejg, avowkind, cflsjt, eburgueno, hrpmrl, hraaxm
MBB_Lab_Protocols, true, false, https://github.com/PlantandFoodResearch/MBB_Lab_Protocols, 4495, true, true, mdavy86, kiwiroy, zanejg, avowkind, eburgueno, hrpmrl, hraaxm
Bioprotection_electronic_lab_books, true, false, https://github.com/PlantandFoodResearch/Bioprotection_electronic_lab_books, 3, true, true, mdavy86, kiwiroy, zanejg, avowkind, eburgueno, hrpmrl, hraaxm
MVI, false, false, https://github.com/PlantandFoodResearch/MVI, 25299, true, true, mdavy86, kiwiroy, zanejg, avowkind, eburgueno, hrpmrl, hraaxm
sftp-downloader, true, false, https://github.com/PlantandFoodResearch/sftp-downloader, 60, true, true, mdavy86, kiwiroy, zanejg, avowkind, eburgueno, hrpmrl, hraaxm
bioinf_Citrus_HZAU, true, false, https://github.com/PlantandFoodResearch/bioinf_Citrus_HZAU, 360, true, true, mdavy86, kiwiroy, zanejg, avowkind, eburgueno, hrpmrl, hraaxm
bioinf_human_enteroendocrine_sensome, true, false, https://github.com/PlantandFoodResearch/bioinf_human_enteroendocrine_sensome, 188, true, true, mdavy86, kiwiroy, zanejg, avowkind, warrenson, eburgueno, hrpmrl, hraaxm
Dotmatics, true, false, https://github.com/PlantandFoodResearch/Dotmatics, 11516, true, true, mdavy86, kiwiroy, zanejg, avowkind, eburgueno, hrpmrl, GuilhemPFR, hraaxm
bioinf_appleCarotenoids, true, false, https://github.com/PlantandFoodResearch/bioinf_appleCarotenoids, 437, true, true, mdavy86, kiwiroy, zanejg, avowkind, AmaliT, eburgueno, hrpmrl, hraaxm
perlbrew.tcl, true, false, https://github.com/PlantandFoodResearch/perlbrew.tcl, 69, true, true, mdavy86, kiwiroy, zanejg, avowkind, eburgueno, hrpmrl, hraaxm
YieldEstimationTools, true, false, https://github.com/PlantandFoodResearch/YieldEstimationTools, 28474, true, true, mdavy86, kiwiroy, zanejg, avowkind, ntomer, eburgueno, hrpmrl, hraaxm
bioinf_Malus_Geisenheim, true, false, https://github.com/PlantandFoodResearch/bioinf_Malus_Geisenheim, 769, true, true, mdavy86, kiwiroy, zanejg, avowkind, eburgueno, hrpmrl, hraaxm
fcdb_webfront, true, false, https://github.com/PlantandFoodResearch/fcdb_webfront, 4971, true, true, mdavy86, kiwiroy, zanejg, avowkind, eburgueno, hrpmrl, hraaxm
bioinf_Pyrus_Adhoc, true, false, https://github.com/PlantandFoodResearch/bioinf_Pyrus_Adhoc, 198, true, true, mdavy86, kiwiroy, zanejg, avowkind, eburgueno, hrpmrl, hraaxm
data-registry, true, false, https://github.com/PlantandFoodResearch/data-registry, 447, true, true, mdavy86, kiwiroy, zanejg, avowkind, eburgueno, hrpmrl, hraaxm
assemblathon2-analysis, false, false, https://github.com/PlantandFoodResearch/assemblathon2-analysis, 24, false, true, mdavy86, kiwiroy, zanejg, avowkind, eburgueno, hrpmrl, hraaxm
Vica, true, false, https://github.com/PlantandFoodResearch/Vica, 6167, true, true, mdavy86, kiwiroy, zanejg, avowkind, ntomer, eburgueno, hrpmrl, hraaxm
bioinf_mayflyProject, true, false, https://github.com/PlantandFoodResearch/bioinf_mayflyProject, 58, true, true, mdavy86, kiwiroy, zanejg, avowkind, AmaliT, eburgueno, hrpmrl, hraaxm
bioinf_Prunus_ZFRI, true, false, https://github.com/PlantandFoodResearch/bioinf_Prunus_ZFRI, 270, true, true, mdavy86, kiwiroy, zanejg, avowkind, eburgueno, hrpmrl, hraaxm
Red5_WGS_Manual_Annotation, false, false, https://github.com/PlantandFoodResearch/Red5_WGS_Manual_Annotation, 67652, true, true, mdavy86, kiwiroy, zanejg, avowkind, eburgueno, hrpmrl, hraaxm
bioinf_Python_Lessons, true, false, https://github.com/PlantandFoodResearch/bioinf_Python_Lessons, 280, true, true, mdavy86, kiwiroy, zanejg, avowkind, eburgueno, hrpmrl, hraaxm
bio-targetsfile, true, false, https://github.com/PlantandFoodResearch/bio-targetsfile, 3967, true, true, mdavy86, kiwiroy, zanejg, avowkind, eburgueno, hrpmrl, hraaxm
FRNL-Monitor-Farms, true, false, https://github.com/PlantandFoodResearch/FRNL-Monitor-Farms, 21864, true, true, mdavy86, kiwiroy, zanejg, avowkind, eburgueno, hrpmrl, hraaxm
MVI-FarmModelling, true, false, https://github.com/PlantandFoodResearch/MVI-FarmModelling, 40837, true, true, mdavy86, kiwiroy, zanejg, avowkind, eburgueno, hrpmrl, hraaxm
SAE-Fluxmeter-Apsim, true, false, https://github.com/PlantandFoodResearch/SAE-Fluxmeter-Apsim, 23979, true, true, mdavy86, kiwiroy, zanejg, avowkind, eburgueno, hrpmrl, hraaxm
ssh-only, true, false, https://github.com/PlantandFoodResearch/ssh-only, 32, true, true, mdavy86, kiwiroy, zanejg, avowkind, eburgueno, hrpmrl, hraaxm
bioinf_Malus_NovaSeq_CAGRF15216, true, false, https://github.com/PlantandFoodResearch/bioinf_Malus_NovaSeq_CAGRF15216, 56, true, true, mdavy86, kiwiroy, zanejg, avowkind, eburgueno, hrpmrl, hraaxm
bioinf_Potato_SNPchip, true, false, https://github.com/PlantandFoodResearch/bioinf_Potato_SNPchip, 2632, true, true, mdavy86, kiwiroy, zanejg, avowkind, eburgueno, hrpmrl, hraaxm
bioinf_Vitis_Nicotiana_RNAseq, false, false, https://github.com/PlantandFoodResearch/bioinf_Vitis_Nicotiana_RNAseq, 1406, true, true, mdavy86, kiwiroy, zanejg, avowkind, cflsjt, danwiththeplan, CeciliaDeng, warrenson, AmaliT, eburgueno, rosscrowhurst, hrpmrl, charlesdavid, davidchagne, timothymillar, Deroles, christinawu2008, broganmcgreal, jwan0714, hraaxm
PFRgeospatial, true, false, https://github.com/PlantandFoodResearch/PFRgeospatial, 1968, true, true, mdavy86, kiwiroy, zanejg, avowkind, eburgueno, hrpmrl, PeterJaksons, hraaxm
NotTheBees, true, false, https://github.com/PlantandFoodResearch/NotTheBees, 12516, true, true, mdavy86, kiwiroy, zanejg, avowkind, eburgueno, hrpmrl, linleyj, MABroussard, hraaxm
kea-client-api, true, false, https://github.com/PlantandFoodResearch/kea-client-api, 58, true, true, mdavy86, kiwiroy, zanejg, avowkind, eburgueno, hrpmrl, hraaxm
PFRShiny, true, false, https://github.com/PlantandFoodResearch/PFRShiny, 3811, true, true, mdavy86, kiwiroy, zanejg, avowkind, eburgueno, hrpmrl, hymmikong, hraaxm
transposon_annotation, true, false, https://github.com/PlantandFoodResearch/transposon_annotation, 4, true, true, mdavy86, kiwiroy, zanejg, avowkind, cflsjt, danwiththeplan, CeciliaDeng, warrenson, AmaliT, eburgueno, rosscrowhurst, hrpmrl, charlesdavid, davidchagne, timothymillar, Deroles, christinawu2008, broganmcgreal, jwan0714, hraaxm
bioinf_Rubus_idaeus, true, false, https://github.com/PlantandFoodResearch/bioinf_Rubus_idaeus, 674, true, true, mdavy86, kiwiroy, zanejg, avowkind, eburgueno, hrpmrl, hraaxm
batchit, false, false, https://github.com/PlantandFoodResearch/batchit, 25, false, true, mdavy86, kiwiroy, zanejg, avowkind, eburgueno, hrpmrl, hraaxm
DataApplications, true, false, https://github.com/PlantandFoodResearch/DataApplications, 28328, true, true, mdavy86, kiwiroy, zanejg, avowkind, htlin, eburgueno, hrpmrl, PeterJaksons, hrapgc, linleyj, hraaxm
SensorNetworks, true, false, https://github.com/PlantandFoodResearch/SensorNetworks, 0, true, true, mdavy86, kiwiroy, zanejg, avowkind, eburgueno, hrpmrl, hraaxm
Trevally, true, false, https://github.com/PlantandFoodResearch/Trevally, 35748, true, true, mdavy86, kiwiroy, zanejg, avowkind, eburgueno, hrpmrl, hraaxm
MYBmotifs, true, false, https://github.com/PlantandFoodResearch/MYBmotifs, 1483, true, true, mdavy86, kiwiroy, zanejg, avowkind, eburgueno, hrpmrl, hraaxm
bioinf_purpleActinidiaTranscriptomics, true, false, https://github.com/PlantandFoodResearch/bioinf_purpleActinidiaTranscriptomics, 28, true, true, mdavy86, kiwiroy, zanejg, avowkind, eburgueno, hrpmrl, hraaxm
bioinf_Ceratocystis_detection, true, false, https://github.com/PlantandFoodResearch/bioinf_Ceratocystis_detection, 2, true, true, mdavy86, kiwiroy, zanejg, avowkind, danwiththeplan, eburgueno, hrpmrl, hraaxm
bioinf_Actinidia_HZAU, true, false, https://github.com/PlantandFoodResearch/bioinf_Actinidia_HZAU, 3, true, true, mdavy86, kiwiroy, zanejg, avowkind, eburgueno, hrpmrl, hraaxm
bioinf_Siberia_Genome, true, false, https://github.com/PlantandFoodResearch/bioinf_Siberia_Genome, 1255, true, true, mdavy86, kiwiroy, zanejg, avowkind, eburgueno, hrpmrl, hraaxm
nelson-seafood, true, false, https://github.com/PlantandFoodResearch/nelson-seafood, 0, true, true, mdavy86, kiwiroy, zanejg, avowkind, eburgueno, hrpmrl, CFNPMW, hraaxm
bioinf_Venturia, true, false, https://github.com/PlantandFoodResearch/bioinf_Venturia, 2067, true, true, mdavy86, kiwiroy, zanejg, avowkind, eburgueno, hrpmrl, hraaxm
bioinf_Malus_Prevar_1506KHS-0017, true, false, https://github.com/PlantandFoodResearch/bioinf_Malus_Prevar_1506KHS-0017, 409, true, true, mdavy86, kiwiroy, zanejg, avowkind, eburgueno, hrpmrl, hraaxm
bioinf_GBS_Pyrus, true, false, https://github.com/PlantandFoodResearch/bioinf_GBS_Pyrus, 1893, true, true, mdavy86, kiwiroy, zanejg, avowkind, eburgueno, hrpmrl, hraaxm
bioinf_Neonectria_Genome, true, false, https://github.com/PlantandFoodResearch/bioinf_Neonectria_Genome, 353, true, true, mdavy86, kiwiroy, zanejg, avowkind, eburgueno, hrpmrl, hraaxm
FCDB_WAP_DB_populator, true, false, https://github.com/PlantandFoodResearch/FCDB_WAP_DB_populator, 5113, true, true, mdavy86, kiwiroy, zanejg, avowkind, eburgueno, hrpmrl, hraaxm
pfresetr, true, false, https://github.com/PlantandFoodResearch/pfresetr, 113, true, true, mdavy86, kiwiroy, zanejg, avowkind, eburgueno, hrpmrl, hraaxm
KateLindyMaryamTestRepo, false, false, https://github.com/PlantandFoodResearch/KateLindyMaryamTestRepo, 8, true, true, mdavy86, kiwiroy, zanejg, avowkind, eburgueno, hrpmrl, hraaxm
ShinyStartR, true, false, https://github.com/PlantandFoodResearch/ShinyStartR, 16, true, true, mdavy86, kiwiroy, zanejg, avowkind, eburgueno, hrpmrl, hymmikong, hraaxm
Turbo-Melanandra-Genome, true, false, https://github.com/PlantandFoodResearch/Turbo-Melanandra-Genome, 32819, true, true, mdavy86, kiwiroy, zanejg, avowkind, cflsjt, danwiththeplan, CeciliaDeng, warrenson, AmaliT, eburgueno, rosscrowhurst, hrpmrl, charlesdavid, davidchagne, timothymillar, Deroles, christinawu2008, broganmcgreal, jwan0714, hraaxm
bioinf_Phytophthora_genomics, true, false, https://github.com/PlantandFoodResearch/bioinf_Phytophthora_genomics, 312835, true, true, mdavy86, kiwiroy, zanejg, avowkind, cflsjt, danwiththeplan, CeciliaDeng, warrenson, AmaliT, eburgueno, rosscrowhurst, hrpmrl, charlesdavid, davidchagne, timothymillar, Deroles, christinawu2008, broganmcgreal, jwan0714, hraaxm
Delivering_Perfect_Fruit, true, false, https://github.com/PlantandFoodResearch/Delivering_Perfect_Fruit, 16486, true, true, mdavy86, kiwiroy, zanejg, avowkind, eburgueno, hrpmrl, hraaxm
bioinf_Apis_metabarcoding, false, false, https://github.com/PlantandFoodResearch/bioinf_Apis_metabarcoding, 35, true, true, mdavy86, kiwiroy, zanejg, avowkind, cflsjt, danwiththeplan, CeciliaDeng, warrenson, AmaliT, eburgueno, rosscrowhurst, hrpmrl, charlesdavid, davidchagne, timothymillar, Deroles, christinawu2008, broganmcgreal, jwan0714, hraaxm
bioinf_Siberia_RNAseq, true, false, https://github.com/PlantandFoodResearch/bioinf_Siberia_RNAseq, 37621, true, true, mdavy86, kiwiroy, zanejg, avowkind, eburgueno, hrpmrl, hraaxm
Sea_Freight, true, false, https://github.com/PlantandFoodResearch/Sea_Freight, 2, true, true, mdavy86, kiwiroy, zanejg, avowkind, eburgueno, hrpmrl, hraaxm
Juicy_Future, true, false, https://github.com/PlantandFoodResearch/Juicy_Future, 1321, true, true, mdavy86, kiwiroy, zanejg, avowkind, eburgueno, hrpmrl, hraaxm
FCDB_WAP_backend_API, true, false, https://github.com/PlantandFoodResearch/FCDB_WAP_backend_API, 11301, true, true, mdavy86, kiwiroy, zanejg, avowkind, eburgueno, hrpmrl, hraaxm
FCDB_WAP_frontend, true, false, https://github.com/PlantandFoodResearch/FCDB_WAP_frontend, 92488, true, true, mdavy86, kiwiroy, zanejg, avowkind, eburgueno, hrpmrl, hraaxm
DigitalPathology, true, false, https://github.com/PlantandFoodResearch/DigitalPathology, 774188, true, true, mdavy86, kiwiroy, zanejg, avowkind, eburgueno, hrpmrl, mwohlers, hraaxm
GutCommunities, true, false, https://github.com/PlantandFoodResearch/GutCommunities, 992, true, true, mdavy86, kiwiroy, zanejg, avowkind, eburgueno, hrpmrl, linleyj, hraaxm
myrtle-rust-genome, true, false, https://github.com/PlantandFoodResearch/myrtle-rust-genome, 56807, true, true, mdavy86, kiwiroy, zanejg, avowkind, eburgueno, hrpmrl, davidchagne, christinawu2008, hraaxm
bioinf-eDNA-ESP, true, false, https://github.com/PlantandFoodResearch/bioinf-eDNA-ESP, 83, true, true, mdavy86, kiwiroy, zanejg, avowkind, danwiththeplan, AmaliT, eburgueno, hrpmrl, hraaxm
SAE-LinkingModelsAndPhenotyping, true, false, https://github.com/PlantandFoodResearch/SAE-LinkingModelsAndPhenotyping, 354, true, true, mdavy86, kiwiroy, zanejg, avowkind, eburgueno, hrpmrl, hraaxm
grapevine_yield_components, true, false, https://github.com/PlantandFoodResearch/grapevine_yield_components, 61453, true, true, mdavy86, kiwiroy, zanejg, avowkind, eburgueno, hrpmrl, junqi108, hraaxm
lsb-account-info, true, false, https://github.com/PlantandFoodResearch/lsb-account-info, 2512, true, true, mdavy86, kiwiroy, zanejg, avowkind, eburgueno, hrpmrl, hraaxm
FCDB_WAP_website, true, false, https://github.com/PlantandFoodResearch/FCDB_WAP_website, 0, true, true, mdavy86, kiwiroy, zanejg, avowkind, eburgueno, hrpmrl, hraaxm
TransposonMediatedMutagenesis, true, false, https://github.com/PlantandFoodResearch/TransposonMediatedMutagenesis, 1639, true, true, mdavy86, kiwiroy, zanejg, avowkind, cflsjt, eburgueno, rosscrowhurst, hrpmrl, timothymillar, Deroles, hraaxm
Actinidia_chinensis_Genome_CK69_01, true, false, https://github.com/PlantandFoodResearch/Actinidia_chinensis_Genome_CK69_01, 106955, true, true, mdavy86, kiwiroy, zanejg, avowkind, cflsjt, danwiththeplan, CeciliaDeng, warrenson, AmaliT, eburgueno, rosscrowhurst, hrpmrl, charlesdavid, davidchagne, timothymillar, Deroles, christinawu2008, broganmcgreal, jwan0714, hraaxm
AppSecret, true, false, https://github.com/PlantandFoodResearch/AppSecret, 214, true, true, mdavy86, kiwiroy, zanejg, avowkind, eburgueno, hrpmrl, hraaxm
bioinf_epigenetics_spud, true, false, https://github.com/PlantandFoodResearch/bioinf_epigenetics_spud, 3, true, true, mdavy86, kiwiroy, zanejg, avowkind, cflsjt, eburgueno, hrpmrl, hraaxm
bioinf_filling_void, true, false, https://github.com/PlantandFoodResearch/bioinf_filling_void, 0, true, true, mdavy86, kiwiroy, zanejg, avowkind, cflsjt, danwiththeplan, CeciliaDeng, warrenson, AmaliT, eburgueno, rosscrowhurst, hrpmrl, charlesdavid, davidchagne, timothymillar, Deroles, christinawu2008, broganmcgreal, jwan0714, hraaxm
VineSearchR, true, false, https://github.com/PlantandFoodResearch/VineSearchR, 20, true, true, mdavy86, kiwiroy, zanejg, avowkind, eburgueno, hrpmrl, hraaxm
PFR_Management, true, false, https://github.com/PlantandFoodResearch/PFR_Management, 2096, true, true, mdavy86, kiwiroy, zanejg, avowkind, eburgueno, hrpmrl, linleyj, hraaxm
bioinf_metaomicsPlantMicrobiome, true, false, https://github.com/PlantandFoodResearch/bioinf_metaomicsPlantMicrobiome, 25400, true, true, mdavy86, kiwiroy, zanejg, avowkind, AmaliT, eburgueno, hrpmrl, hraaxm
Actinidia_PSA_metabarcoding, true, false, https://github.com/PlantandFoodResearch/Actinidia_PSA_metabarcoding, 0, true, true, mdavy86, kiwiroy, zanejg, avowkind, danwiththeplan, eburgueno, hrpmrl, hraaxm
bioinf_Blueberry, true, false, https://github.com/PlantandFoodResearch/bioinf_Blueberry, 5452, true, true, mdavy86, kiwiroy, zanejg, avowkind, CeciliaDeng, eburgueno, hrpmrl, hraaxm
data-mgt-standards-genome-assembly, true, false, https://github.com/PlantandFoodResearch/data-mgt-standards-genome-assembly, 1, true, true, mdavy86, kiwiroy, zanejg, avowkind, eburgueno, hrpmrl, Deroles, hraaxm
data-mgt-standards-metabarcoding, true, false, https://github.com/PlantandFoodResearch/data-mgt-standards-metabarcoding, 3, true, true, mdavy86, kiwiroy, zanejg, avowkind, danwiththeplan, eburgueno, hrpmrl, hraaxm
bioinf_honeylandscape, true, false, https://github.com/PlantandFoodResearch/bioinf_honeylandscape, 7416, true, true, mdavy86, kiwiroy, zanejg, avowkind, AmaliT, eburgueno, hrpmrl, davidchagne, hraaxm
MyrtleRustSimulations, true, false, https://github.com/PlantandFoodResearch/MyrtleRustSimulations, 452, true, true, mdavy86, kiwiroy, zanejg, avowkind, eburgueno, hrpmrl, mwohlers, PeterJaksons, Lindyguo, hrapgc, KKRichards, linleyj, RodelynJ, m-alavi, hrtcmm, HeatherKJenkins, hraaxm
production-bioinformatics, true, false, https://github.com/PlantandFoodResearch/production-bioinformatics, 548, true, true, mdavy86, kiwiroy, zanejg, avowkind, eburgueno, hrpmrl, hraaxm
ensembl-hive-openlava, true, false, https://github.com/PlantandFoodResearch/ensembl-hive-openlava, 141, false, true, mdavy86, kiwiroy, zanejg, avowkind, eburgueno, hrpmrl, hraaxm
APSIM_Docker, false, true, https://github.com/PlantandFoodResearch/APSIM_Docker, 11, true, true
Phytosanitary_Stats, true, false, https://github.com/PlantandFoodResearch/Phytosanitary_Stats, 0, true, true, mdavy86, kiwiroy, zanejg, avowkind, eburgueno, hrpmrl, mwohlers, PeterJaksons, Lindyguo, hrapgc, KKRichards, linleyj, RodelynJ, m-alavi, hrtcmm, HeatherKJenkins, hraaxm
HIA_soil_amplicon_sequencing, true, false, https://github.com/PlantandFoodResearch/HIA_soil_amplicon_sequencing, 46870, true, true, mdavy86, kiwiroy, zanejg, avowkind, eburgueno, hrpmrl, hraaxm
VisualisingFruitQuality, true, false, https://github.com/PlantandFoodResearch/VisualisingFruitQuality, 8, true, true, mdavy86, kiwiroy, zanejg, avowkind, eburgueno, hrpmrl, Peter-McAtee, mwohlers, PeterJaksons, Lindyguo, hrapgc, KKRichards, linleyj, RodelynJ, m-alavi, hrtcmm, HeatherKJenkins, hraaxm
MBIE_TPP_Populations, true, false, https://github.com/PlantandFoodResearch/MBIE_TPP_Populations, 1054, true, true, mdavy86, kiwiroy, zanejg, avowkind, cflsjt, eburgueno, hrpmrl, hraaxm
FRNL_Effluent, true, false, https://github.com/PlantandFoodResearch/FRNL_Effluent, 0, true, true, mdavy86, kiwiroy, zanejg, avowkind, eburgueno, hrpmrl, hraaxm
Metabolomics, true, false, https://github.com/PlantandFoodResearch/Metabolomics, 9737, true, true, mdavy86, kiwiroy, zanejg, avowkind, eburgueno, hrpmrl, tonymcghie, hraaxm
KiwifruitDetection, true, false, https://github.com/PlantandFoodResearch/KiwifruitDetection, 174092, true, true, mdavy86, kiwiroy, dbentall, zanejg, avowkind, ntomer, eburgueno, hrpmrl, hraaxm
ebrida_trapdoor, true, false, https://github.com/PlantandFoodResearch/ebrida_trapdoor, 28341, true, true, mdavy86, kiwiroy, zanejg, avowkind, eburgueno, hrpmrl, hraaxm
PFRTextMiner, true, false, https://github.com/PlantandFoodResearch/PFRTextMiner, 27790, true, true, mdavy86, kiwiroy, zanejg, avowkind, htlin, eburgueno, hrpmrl, PeterJaksons, linleyj, BlakeList, hraaxm
bioinf_Radula, true, false, https://github.com/PlantandFoodResearch/bioinf_Radula, 45, true, true, mdavy86, kiwiroy, zanejg, avowkind, warrenson, eburgueno, hrpmrl, hraaxm
Benchmarking_S-Map, true, false, https://github.com/PlantandFoodResearch/Benchmarking_S-Map, 44107, true, true, mdavy86, kiwiroy, zanejg, avowkind, eburgueno, hrpmrl, rcichota, hraaxm
Kiwi-ClonalTrials-Stage2, true, false, https://github.com/PlantandFoodResearch/Kiwi-ClonalTrials-Stage2, 0, true, true, mdavy86, kiwiroy, zanejg, avowkind, eburgueno, hrpmrl, Lindyguo, hraaxm
Kiwi-PreCommercialTrials-Stage3, true, false, https://github.com/PlantandFoodResearch/Kiwi-PreCommercialTrials-Stage3, 3532, true, true, mdavy86, kiwiroy, zanejg, avowkind, eburgueno, hrpmrl, Lindyguo, hraaxm
bioinf_blackberry_capture, true, false, https://github.com/PlantandFoodResearch/bioinf_blackberry_capture, 14, true, true, mdavy86, kiwiroy, zanejg, avowkind, cflsjt, eburgueno, hrpmrl, hraaxm
InteroperableModelsAPSIM, true, false, https://github.com/PlantandFoodResearch/InteroperableModelsAPSIM, 7303, true, true, mdavy86, kiwiroy, zanejg, avowkind, eburgueno, hrpmrl, rcichota, hraaxm
kiwifruit-rga, true, false, https://github.com/PlantandFoodResearch/kiwifruit-rga, 1, true, true, mdavy86, kiwiroy, zanejg, avowkind, eburgueno, hrpmrl, hraaxm
tui, true, false, https://github.com/PlantandFoodResearch/tui, 49, true, true, mdavy86, kiwiroy, zanejg, avowkind, eburgueno, hrpmrl, hraaxm
PhenotypeToModelSAE, true, false, https://github.com/PlantandFoodResearch/PhenotypeToModelSAE, 54702, true, true, mdavy86, kiwiroy, zanejg, avowkind, eburgueno, ed2014, hrpmrl, hraaxm
EDT_TrackingValueChain, true, false, https://github.com/PlantandFoodResearch/EDT_TrackingValueChain, 6698, true, true, mdavy86, kiwiroy, zanejg, avowkind, htlin, eburgueno, hrpmrl, Lindyguo, linleyj, hraaxm
CanopySensingSAE, true, false, https://github.com/PlantandFoodResearch/CanopySensingSAE, 15177, true, true, mdavy86, kiwiroy, zanejg, avowkind, eburgueno, ed2014, hrpmrl, frank0434, hraaxm
kea_dotmatix_conduit, true, false, https://github.com/PlantandFoodResearch/kea_dotmatix_conduit, 12, true, true, mdavy86, kiwiroy, zanejg, avowkind, eburgueno, hrpmrl, hraaxm
GenomeDynamicsOfHybrids, true, false, https://github.com/PlantandFoodResearch/GenomeDynamicsOfHybrids, 41347, true, true, mdavy86, kiwiroy, zanejg, avowkind, cflsjt, eburgueno, hrpmrl, christinawu2008, hraaxm
TimMillarPhD, true, false, https://github.com/PlantandFoodResearch/TimMillarPhD, 13306, true, true, cfljam, mdavy86, kiwiroy, zanejg, avowkind, eburgueno, hrpmrl, timothymillar, hraaxm
bioinf_scInPlants, true, false, https://github.com/PlantandFoodResearch/bioinf_scInPlants, 14, true, true, mdavy86, kiwiroy, zanejg, avowkind, AmaliT, eburgueno, hrpmrl, hraaxm
PFR_Spinnaker_Ros_Node, false, false, https://github.com/PlantandFoodResearch/PFR_Spinnaker_Ros_Node, 239, false, true, mdavy86, kiwiroy, zanejg, avowkind, ntomer, eburgueno, hrpmrl, hraaxm
gene-expression-db, true, false, https://github.com/PlantandFoodResearch/gene-expression-db, 251, true, true, mdavy86, kiwiroy, zanejg, avowkind, cflsjt, danwiththeplan, eburgueno, hrpmrl, hraaxm
microPortal, true, false, https://github.com/PlantandFoodResearch/microPortal, 34844, true, true, mdavy86, kiwiroy, zanejg, avowkind, CeciliaDeng, AmaliT, eburgueno, hrpmrl, hraaxm
Actinidia_ER10646, true, false, https://github.com/PlantandFoodResearch/Actinidia_ER10646, 13465, true, true, mdavy86, kiwiroy, zanejg, avowkind, cflsjt, danwiththeplan, CeciliaDeng, warrenson, AmaliT, eburgueno, rosscrowhurst, hrpmrl, charlesdavid, davidchagne, timothymillar, Deroles, christinawu2008, broganmcgreal, jwan0714, hraaxm
pfr-imaging-library, true, false, https://github.com/PlantandFoodResearch/pfr-imaging-library, 112750, true, true, mdavy86, kiwiroy, dbentall, zanejg, avowkind, htlin, eburgueno, hrpmrl, ashtondavi, CFNPMW, hraaxm
Grapes_Mask_RCNN, false, false, https://github.com/PlantandFoodResearch/Grapes_Mask_RCNN, 143176, false, true, mdavy86, kiwiroy, zanejg, avowkind, ntomer, eburgueno, hrpmrl, hraaxm
Actinidia_ER10645, true, false, https://github.com/PlantandFoodResearch/Actinidia_ER10645, 470, true, true, mdavy86, kiwiroy, zanejg, avowkind, cflsjt, eburgueno, hrpmrl, hraaxm
mxnet_node, true, false, https://github.com/PlantandFoodResearch/mxnet_node, 15, true, true, mdavy86, kiwiroy, zanejg, avowkind, ntomer, eburgueno, hrpmrl, hraaxm
psa-mutagensis, true, false, https://github.com/PlantandFoodResearch/psa-mutagensis, 5884, true, true, mdavy86, kiwiroy, zanejg, avowkind, eburgueno, hrpmrl, hraaxm
ublox_gps_node, false, false, https://github.com/PlantandFoodResearch/ublox_gps_node, 604, false, true, mdavy86, kiwiroy, zanejg, avowkind, ntomer, eburgueno, hrpmrl, hraaxm
KiwiCountDocs, true, false, https://github.com/PlantandFoodResearch/KiwiCountDocs, 40, true, true, mdavy86, kiwiroy, zanejg, avowkind, ntomer, eburgueno, hrpmrl, linleyj, hraaxm
docker-ckan, false, false, https://github.com/PlantandFoodResearch/docker-ckan, 4131, false, true, mdavy86, kiwiroy, zanejg, avowkind, eburgueno, hrpmrl, hraaxm
Optimized-Fish-Breeding-Model, true, false, https://github.com/PlantandFoodResearch/Optimized-Fish-Breeding-Model, 268, true, true, mdavy86, kiwiroy, zanejg, avowkind, eburgueno, hrpmrl, ashtondavi, CFNPMW, hraaxm
ckanext-pfr, false, false, https://github.com/PlantandFoodResearch/ckanext-pfr, 498, false, false, mdavy86, kiwiroy, zanejg, avowkind, eburgueno, hrpmrl, hraaxm
GrapevineXL, true, false, https://github.com/PlantandFoodResearch/GrapevineXL, 145331, true, true, mdavy86, kiwiroy, zanejg, avowkind, eburgueno, hrpmrl, junqi108, hraaxm
sdjbrown-scriptorium, true, false, https://github.com/PlantandFoodResearch/sdjbrown-scriptorium, 411, true, true, mdavy86, kiwiroy, zanejg, sdjbrown, avowkind, eburgueno, hrpmrl, hraaxm
iRIS, true, false, https://github.com/PlantandFoodResearch/iRIS, 1807, true, true, mdavy86, kiwiroy, zanejg, avowkind, eburgueno, hrpmrl, hraaxm
hops-omics, true, false, https://github.com/PlantandFoodResearch/hops-omics, 14, true, true, mdavy86, kiwiroy, zanejg, avowkind, CeciliaDeng, eburgueno, hrpmrl, hrpelg, hraaxm
manuka-genome-workflows, true, false, https://github.com/PlantandFoodResearch/manuka-genome-workflows, 43, true, true, mdavy86, kiwiroy, zanejg, avowkind, danwiththeplan, AmaliT, eburgueno, hrpmrl, hraaxm
BioVector, true, false, https://github.com/PlantandFoodResearch/BioVector, 127, true, true, cfljam, mdavy86, kiwiroy, zanejg, avowkind, warrenson, eburgueno, hrpmrl, timothymillar, hraaxm
computer-vision, true, false, https://github.com/PlantandFoodResearch/computer-vision, 76989, true, true, mdavy86, kiwiroy, dbentall, zanejg, avowkind, htlin, eburgueno, hrpmrl, HRRMXJ, linleyj, hraaxm
ModellingTillagePractices, true, false, https://github.com/PlantandFoodResearch/ModellingTillagePractices, 156, true, true, mdavy86, kiwiroy, zanejg, avowkind, eburgueno, ed2014, hrpmrl, rcichota, hraaxm
gillenia-omics, true, false, https://github.com/PlantandFoodResearch/gillenia-omics, 1469, true, true, mdavy86, kiwiroy, zanejg, avowkind, CeciliaDeng, eburgueno, hrpmrl, davidchagne, hraaxm
PlantFoodFarm, true, false, https://github.com/PlantandFoodResearch/PlantFoodFarm, 24, false, true, mdavy86, kiwiroy, zanejg, avowkind, eburgueno, hrpmrl, hraaxm
PlantFoodLDAP, true, false, https://github.com/PlantandFoodResearch/PlantFoodLDAP, 4, false, true, mdavy86, kiwiroy, zanejg, avowkind, eburgueno, hrpmrl, hraaxm
antirrhinum-anthocyanin-phylogeny, true, false, https://github.com/PlantandFoodResearch/antirrhinum-anthocyanin-phylogeny, 1411, true, true, mdavy86, kiwiroy, zanejg, avowkind, eburgueno, hrpmrl, christinawu2008, hraaxm
stLFR-sequencing-trial, true, false, https://github.com/PlantandFoodResearch/stLFR-sequencing-trial, 454, true, true, mdavy86, kiwiroy, zanejg, avowkind, CeciliaDeng, eburgueno, hrpmrl, christinawu2008, hrpelg, hraaxm
Actinidia_Russell_Pollen, true, false, https://github.com/PlantandFoodResearch/Actinidia_Russell_Pollen, 1, true, true, cfljam, mdavy86, kiwiroy, zanejg, avowkind, eburgueno, hrpmrl, hraaxm
RemoteRX7, true, false, https://github.com/PlantandFoodResearch/RemoteRX7, 2389, true, true, mdavy86, kiwiroy, zanejg, avowkind, ntomer, eburgueno, hrpmrl, hraaxm
bioinf_ActinidiaMethylation, true, false, https://github.com/PlantandFoodResearch/bioinf_ActinidiaMethylation, 71, true, true, mdavy86, kiwiroy, zanejg, avowkind, AmaliT, eburgueno, hrpmrl, hraaxm
bioinf_MBIE_high_value_manuka_honey, true, false, https://github.com/PlantandFoodResearch/bioinf_MBIE_high_value_manuka_honey, 112, true, true, mdavy86, kiwiroy, zanejg, avowkind, AmaliT, eburgueno, hrpmrl, hraaxm
sap-projects, true, false, https://github.com/PlantandFoodResearch/sap-projects, 25, false, true, mdavy86, kiwiroy, zanejg, avowkind, eburgueno, hrpmrl, hraaxm
CropSuitabilityVisualisation, true, false, https://github.com/PlantandFoodResearch/CropSuitabilityVisualisation, 123118, true, true, mdavy86, kiwiroy, zanejg, avowkind, eburgueno, ed2014, hrpmrl, frank0434, hraaxm
PeaModelling, true, false, https://github.com/PlantandFoodResearch/PeaModelling, 9037, true, true, mdavy86, kiwiroy, zanejg, avowkind, eburgueno, hrpmrl, frank0434, hraaxm
manuka-genome-ms-workflows, true, false, https://github.com/PlantandFoodResearch/manuka-genome-ms-workflows, 28, true, true, mdavy86, kiwiroy, zanejg, avowkind, AmaliT, eburgueno, rosscrowhurst, hrpmrl, hraaxm
Training, true, false, https://github.com/PlantandFoodResearch/Training, 26371, true, true, mdavy86, kiwiroy, zanejg, avowkind, eburgueno, hrpmrl, hraaxm
Bridging_the_Gap, true, false, https://github.com/PlantandFoodResearch/Bridging_the_Gap, 53, true, true, mdavy86, kiwiroy, zanejg, avowkind, cflsjt, AmaliT, eburgueno, hrpmrl, hraaxm
QuickTestMassBalanceCalculator, false, false, https://github.com/PlantandFoodResearch/QuickTestMassBalanceCalculator, 415, true, true, mdavy86, kiwiroy, zanejg, avowkind, eburgueno, hrpmrl, hymmikong, frank0434, hraaxm
ACLM-Project, true, false, https://github.com/PlantandFoodResearch/ACLM-Project, 7545, true, true, mdavy86, kiwiroy, zanejg, avowkind, eburgueno, hrpmrl, linleyj, RodelynJ, hraaxm
NLP-Applications, true, false, https://github.com/PlantandFoodResearch/NLP-Applications, 91356, true, true, mdavy86, kiwiroy, zanejg, avowkind, eburgueno, hrpmrl, PeterJaksons, BlakeList, hraaxm
bioinf_manuka_v2, true, false, https://github.com/PlantandFoodResearch/bioinf_manuka_v2, 10, true, true, mdavy86, kiwiroy, zanejg, avowkind, AmaliT, eburgueno, hrpmrl, davidchagne, christinawu2008, emkoot, hraaxm
cori-thesis-project, true, false, https://github.com/PlantandFoodResearch/cori-thesis-project, 36, true, true, mdavy86, kiwiroy, zanejg, avowkind, eburgueno, hrpmrl, PeterJaksons, hraaxm
radar-twist, false, false, https://github.com/PlantandFoodResearch/radar-twist, 5, true, true, mdavy86, kiwiroy, zanejg, avowkind, ntomer, eburgueno, hrpmrl, hraaxm
myrtle-rust-transcriptomics, true, false, https://github.com/PlantandFoodResearch/myrtle-rust-transcriptomics, 21677, true, true, mdavy86, kiwiroy, zanejg, avowkind, eburgueno, hrpmrl, charlesdavid, hraaxm
FTIR-Analysis-Platform, true, false, https://github.com/PlantandFoodResearch/FTIR-Analysis-Platform, 472, true, true, cfljam, mdavy86, kiwiroy, zanejg, avowkind, eburgueno, hrpmrl, PeterJaksons, BlakeList, hraaxm
genomic-selection-platform, true, false, https://github.com/PlantandFoodResearch/genomic-selection-platform, 19329, true, true, mdavy86, kiwiroy, zanejg, avowkind, eburgueno, hrpmrl, PeterJaksons, hraaxm
data-mgt-standards-omics, true, false, https://github.com/PlantandFoodResearch/data-mgt-standards-omics, 1, true, false, mdavy86, kiwiroy, zanejg, avowkind, eburgueno, hrpmrl, hraaxm
eDNA-ecosystem-services, true, false, https://github.com/PlantandFoodResearch/eDNA-ecosystem-services, 5, true, false, mdavy86, kiwiroy, zanejg, avowkind, eburgueno, hrpmrl, hraaxm
shiny-server-deployment, true, false, https://github.com/PlantandFoodResearch/shiny-server-deployment, 5, true, false, mdavy86, kiwiroy, zanejg, avowkind, eburgueno, hrpmrl, hraaxm
Ice_Plant, true, false, https://github.com/PlantandFoodResearch/Ice_Plant, 0, true, false, mdavy86, kiwiroy, zanejg, avowkind, eburgueno, hrpmrl, Deroles, hraaxm
newRPackage, true, false, https://github.com/PlantandFoodResearch/newRPackage, 19, false, true, mdavy86, kiwiroy, zanejg, avowkind, eburgueno, hrpmrl, hraaxm
bioinf-erwinia-amylovora, true, false, https://github.com/PlantandFoodResearch/bioinf-erwinia-amylovora, 0, true, true, mdavy86, kiwiroy, zanejg, avowkind, danwiththeplan, eburgueno, hrpmrl, hraaxm
NIRFast-Matlab, true, false, https://github.com/PlantandFoodResearch/NIRFast-Matlab, 0, true, true, mdavy86, kiwiroy, zanejg, avowkind, ntomer, eburgueno, hrpmrl, hraaxm
bioinf_Bilberry, true, false, https://github.com/PlantandFoodResearch/bioinf_Bilberry, 33843, true, true, mdavy86, kiwiroy, zanejg, avowkind, cflsjt, danwiththeplan, CeciliaDeng, warrenson, AmaliT, eburgueno, rosscrowhurst, hrpmrl, charlesdavid, davidchagne, timothymillar, Deroles, christinawu2008, broganmcgreal, jwan0714, hraaxm
bioinf_vineyard_viruses, true, false, https://github.com/PlantandFoodResearch/bioinf_vineyard_viruses, 94, true, true, mdavy86, kiwiroy, zanejg, avowkind, danwiththeplan, eburgueno, hrpmrl, hraaxm
rna-seq-app, true, false, https://github.com/PlantandFoodResearch/rna-seq-app, 40, true, true, mdavy86, kiwiroy, zanejg, avowkind, danwiththeplan, eburgueno, hrpmrl, hraaxm
ONT_CRISPR-Cas9_enrichment, false, false, https://github.com/PlantandFoodResearch/ONT_CRISPR-Cas9_enrichment, 746, true, true, mdavy86, kiwiroy, zanejg, avowkind, eburgueno, hrpmrl, hraaxm
